<environmentvariabledefinition schemaname="aut_AzureOpenAI_Key">
  <defaultvalue>Input_API_Key</defaultvalue>
  <description default="API Key to trigger Azure OpenAI service">
    <label description="API Key to trigger Azure OpenAI service" languagecode="1033" />
  </description>
  <displayname default="AzureOpenAI_Key">
    <label description="AzureOpenAI_Key" languagecode="1033" />
  </displayname>
  <introducedversion>1.0.0.0</introducedversion>
  <iscustomizable>1</iscustomizable>
  <isrequired>0</isrequired>
  <secretstore>0</secretstore>
  <type>100000000</type>
</environmentvariabledefinition>